code_geo,point_id
01023,48.000_-62.000
01042,47.500_-61.500
02005,48.500_-64.500
02010,48.500_-64.500
02015,48.500_-64.500
02028,48.500_-65.000
02047,48.000_-65.000
02902,48.500_-65.000
02990,48.500_-64.500
03005,49.000_-64.500
03010,49.000_-65.000
03015,49.000_-65.000
03020,49.000_-65.000
03025,49.000_-65.500
03902,49.000_-65.000
03904,49.000_-65.500
03990,49.000_-64.500
04005,49.000_-65.500
04010,49.000_-65.500
04015,49.000_-66.000
04020,49.000_-66.000
04025,49.000_-66.000
04030,49.000_-66.000
04037,49.000_-66.500
04047,49.000_-66.500
04902,49.000_-66.000
04904,49.000_-66.500
04990,49.000_-66.000
05010,48.000_-65.000
05015,48.000_-65.000
05020,48.000_-65.000
05025,48.000_-65.000
05032,48.000_-65.500
05040,48.000_-65.500
05045,48.000_-65.500
05050,48.000_-65.500
05055,48.000_-65.500
05060,48.000_-65.500
05065,48.000_-65.500
05070,48.000_-66.000
05077,48.500_-66.000
05902,48.500_-65.500
05990,48.000_-65.500
06005,48.000_-66.000
06013,48.000_-66.000
06020,48.000_-66.500
06025,48.000_-66.500
06030,48.000_-66.500
06035,48.000_-67.000
06040,48.000_-67.000
06045,48.000_-67.000
06050,48.000_-67.000
06055,48.000_-67.000
06060,48.000_-67.500
06802,48.000_-66.000
06804,48.000_-67.000
06902,48.500_-66.500
06904,48.000_-67.500
06990,48.000_-66.000
07005,48.500_-67.000
07010,48.500_-67.000
07018,48.500_-67.000
07025,48.500_-67.500
07030,48.500_-67.500
07035,48.500_-67.500
07040,48.500_-67.500
07047,48.500_-67.500
07057,48.500_-67.500
07065,48.500_-67.500
07070,48.500_-67.500
07075,48.500_-67.500
07080,48.500_-67.500
07085,48.500_-67.500
07090,48.500_-67.500
07095,48.500_-68.000
07100,48.500_-68.000
07105,48.500_-68.000
07902,48.000_-67.000
07904,48.000_-67.500
07906,48.000_-67.500
07908,48.500_-66.500
07910,48.500_-66.500
07912,48.500_-67.500
07914,48.500_-67.500
08005,49.000_-67.000
08010,49.000_-67.000
08015,49.000_-67.000
08023,49.000_-67.500
08030,49.000_-67.500
08035,48.500_-67.500
08040,48.500_-67.500
08053,49.000_-67.500
08065,48.500_-67.500
08073,49.000_-67.500
08080,48.500_-68.000
08902,48.500_-66.500
08990,49.000_-67.500
09005,48.500_-68.000
09010,48.500_-68.000
09015,48.500_-68.000
09020,48.500_-68.000
09025,48.500_-68.000
09030,48.500_-68.000
09035,48.500_-68.000
09040,48.500_-68.000
09048,48.500_-68.000
09055,48.500_-68.000
09060,48.500_-68.000
09065,48.500_-68.000
09070,48.500_-68.000
09077,48.500_-68.000
09085,48.500_-68.000
09092,48.500_-68.500
09902,48.000_-68.000
09904,48.500_-68.000
09990,48.500_-68.500
10005,48.000_-68.500
10010,48.000_-68.500
10015,48.000_-68.500
10025,48.500_-68.500
10030,48.500_-68.500
10043,48.500_-68.500
10060,48.500_-68.500
10070,48.500_-69.000
10075,48.000_-68.500
10902,48.000_-68.000
10990,48.500_-69.000
11005,48.000_-69.000
11010,48.000_-69.000
11015,48.000_-69.000
11025,48.000_-69.000
11030,48.000_-69.000
11035,48.000_-69.000
11040,48.000_-69.000
11045,48.000_-69.000
11050,48.000_-69.000
11055,48.000_-69.000
11902,48.000_-69.000
11990,48.000_-69.000
12005,48.000_-69.000
12010,48.000_-69.000
12015,47.500_-69.500
12020,48.000_-69.500
12025,48.000_-69.000
12030,48.000_-69.500
12035,48.000_-69.000
12043,48.000_-69.500
12045,48.000_-69.500
12057,48.000_-69.500
12065,48.000_-69.500
12072,48.000_-69.500
12080,48.000_-69.500
12802,47.500_-69.500
12804,48.000_-69.500
13005,47.500_-68.500
13010,47.500_-68.500
13015,47.500_-69.000
13020,47.500_-69.000
13025,47.500_-69.000
13030,47.500_-69.000
13040,47.500_-68.500
13045,47.500_-68.500
13050,48.000_-68.500
13055,48.000_-68.500
13062,48.000_-68.500
13065,48.000_-68.500
13073,47.500_-69.000
13075,48.000_-69.000
13080,47.500_-69.000
13085,47.500_-69.000
13090,47.500_-69.000
13095,47.500_-69.500
13100,47.500_-69.500
14005,47.500_-69.500
14010,47.500_-69.500
14018,47.500_-70.000
14025,47.500_-69.500
14030,47.500_-69.500
14035,47.500_-69.500
14040,48.000_-69.500
14045,47.500_-70.000
14050,47.500_-70.000
14055,47.500_-70.000
14060,47.500_-70.000
14065,47.500_-70.000
14070,47.500_-70.000
14075,47.500_-70.000
14082,47.500_-70.000
14902,47.500_-69.500
14904,47.000_-69.500
14990,47.500_-70.000
15005,47.500_-70.000
15013,47.500_-70.000
15025,47.500_-70.500
15030,47.500_-70.500
15035,47.500_-70.000
15058,48.000_-70.000
15065,48.000_-70.000
15902,48.000_-70.500
15904,48.000_-70.000
16005,47.500_-70.500
16013,47.500_-70.500
16023,47.500_-70.500
16048,47.500_-70.500
16050,47.500_-70.500
16055,47.500_-70.500
16902,48.000_-71.000
16990,47.500_-70.500
17005,47.000_-69.500
17010,47.000_-70.000
17015,47.000_-70.000
17020,47.000_-70.000
17025,47.000_-70.000
17030,47.000_-70.000
17035,47.000_-70.000
17040,47.000_-70.000
17045,47.000_-70.000
17055,47.000_-70.000
17060,47.500_-70.000
17065,47.500_-70.000
17070,47.000_-70.500
17078,47.000_-70.500
18005,46.500_-70.000
18010,46.500_-70.000
18015,46.500_-70.000
18020,47.000_-70.000
18025,47.000_-70.000
18030,46.500_-70.500
18035,47.000_-70.500
18040,47.000_-70.500
18045,47.000_-70.500
18050,47.000_-70.500
18055,47.000_-70.500
18060,47.000_-70.500
18065,47.000_-70.500
18070,47.000_-70.500
18990,47.000_-70.500
19005,46.500_-70.500
19010,46.500_-70.500
19015,46.500_-70.500
19020,46.500_-70.500
19025,46.500_-70.500
19030,46.500_-70.500
19037,46.500_-70.500
19045,46.500_-70.500
19050,46.500_-71.000
19055,46.500_-71.000
19062,46.500_-71.000
19068,46.500_-71.000
19070,46.500_-71.000
19075,46.500_-71.000
19082,47.000_-70.500
19090,47.000_-71.000
19097,47.000_-71.000
19105,47.000_-71.000
19110,47.000_-71.000
19117,47.000_-71.000
19990,47.000_-71.000
20005,47.000_-71.000
20010,47.000_-71.000
20015,47.000_-71.000
20020,47.000_-71.000
20025,47.000_-71.000
20030,47.000_-71.000
20990,47.000_-71.000
21005,47.000_-71.000
21010,47.000_-71.000
21015,47.000_-71.000
21020,47.000_-71.000
21025,47.000_-71.000
21030,47.000_-71.000
21035,47.000_-71.000
21040,47.000_-71.000
21045,47.000_-71.000
21902,47.000_-70.500
21904,48.000_-71.500
21990,47.000_-70.500
22005,47.000_-71.500
22010,47.000_-71.500
22015,47.000_-71.500
22020,47.000_-71.500
22025,47.000_-71.500
22030,47.000_-71.500
22035,47.000_-71.500
22040,47.000_-71.500
22045,47.000_-71.000
22902,47.500_-72.500
23015,47.000_-71.000
23027,47.000_-71.500
23057,47.000_-71.500
23072,46.500_-71.500
23802,47.000_-71.500
25213,46.500_-71.000
26005,46.500_-71.000
26010,46.500_-71.000
26015,46.500_-71.000
26022,46.500_-71.000
26030,46.500_-71.000
26035,46.500_-71.000
26040,46.500_-71.000
26048,46.500_-71.000
26055,46.500_-71.000
26063,46.500_-71.000
26070,46.500_-71.000
27008,46.000_-71.000
27015,46.000_-71.000
27028,46.000_-71.000
27035,46.500_-70.500
27043,46.500_-71.000
27050,46.500_-71.000
27055,46.000_-71.000
27060,46.500_-71.000
27065,46.500_-71.000
27070,46.500_-71.000
28005,46.000_-70.500
28015,46.000_-70.500
28020,46.000_-70.500
28025,46.500_-70.500
28030,46.500_-70.500
28035,46.500_-70.500
28040,46.500_-70.000
28045,46.500_-70.500
28053,46.500_-70.500
28060,46.500_-70.500
28065,46.500_-70.500
28070,46.500_-70.000
28075,46.500_-70.500
29005,46.000_-70.500
29013,46.000_-70.500
29020,46.000_-71.000
29027,46.000_-71.000
29030,46.000_-71.000
29038,46.000_-71.000
29045,46.000_-70.500
29050,46.000_-70.500
29057,46.000_-70.500
29065,46.000_-70.500
29073,46.000_-70.500
29095,46.000_-71.000
29100,46.000_-71.000
29112,46.000_-71.000
29120,46.000_-70.500
29125,46.000_-70.500
30005,45.500_-71.000
30010,45.500_-71.000
30015,45.500_-71.000
30020,45.500_-71.000
30025,45.500_-71.000
30030,45.500_-71.000
30035,45.500_-71.000
30040,45.500_-71.000
30045,45.500_-71.000
30050,45.500_-71.000
30055,45.500_-70.500
30070,45.500_-70.500
30072,45.500_-70.500
30080,45.500_-71.000
30085,46.000_-71.000
30095,46.000_-71.000
30100,46.000_-71.000
30105,45.500_-71.000
30110,46.000_-71.500
31008,46.000_-71.500
31015,46.000_-71.500
31020,46.000_-71.500
31025,46.000_-71.500
31030,46.000_-71.500
31035,46.000_-71.500
31040,46.000_-71.500
31045,46.000_-71.500
31050,46.000_-71.000
31056,46.000_-71.000
31060,46.000_-71.000
31084,46.000_-71.500
31095,46.000_-71.500
31100,46.000_-71.500
31105,46.000_-71.500
31122,46.000_-71.000
31130,46.000_-71.000
31135,46.000_-71.000
31140,46.500_-71.500
32013,46.000_-71.500
32023,46.000_-71.500
32033,46.000_-72.000
32043,46.000_-72.000
32050,46.000_-71.500
32058,46.500_-71.500
32065,46.500_-71.500
32072,46.500_-71.500
32080,46.500_-72.000
32085,46.500_-72.000
33007,46.500_-71.000
33017,46.500_-71.500
33025,46.500_-71.500
33030,46.500_-71.500
33035,46.500_-71.500
33040,46.500_-71.500
33045,46.500_-71.500
33052,46.500_-71.500
33060,46.500_-71.500
33065,46.500_-71.500
33070,46.500_-72.000
33080,46.500_-72.000
33085,46.500_-71.500
33090,46.500_-71.500
33095,46.500_-71.500
33102,46.500_-71.500
33115,46.500_-72.000
33123,46.500_-72.000
33990,46.500_-71.500
34007,46.500_-71.500
34017,47.000_-71.500
34025,46.500_-71.500
34030,46.500_-72.000
34038,47.000_-72.000
34048,47.000_-72.000
34058,46.500_-72.000
34060,46.500_-72.000
34065,46.500_-72.000
34078,46.500_-72.000
34085,46.500_-72.000
34090,47.000_-72.500
34097,47.000_-72.000
34105,47.000_-72.000
34115,47.000_-72.000
34120,47.000_-71.500
34128,47.000_-72.000
34135,47.000_-72.000
34902,47.000_-72.000
34904,47.000_-72.000
34906,47.000_-72.500
35005,47.000_-72.500
35010,47.000_-72.500
35015,46.500_-72.500
35020,46.500_-72.500
35027,46.500_-72.500
35035,46.500_-72.500
35040,46.500_-72.500
35045,47.000_-73.000
35050,47.000_-72.500
35055,47.000_-73.000
35902,47.000_-72.500
35904,47.000_-73.500
35906,47.000_-73.500
35908,47.000_-73.500
35990,46.500_-72.500
36033,46.500_-73.000
36990,46.500_-72.500
37067,46.500_-72.500
37205,46.500_-72.000
37210,46.500_-72.500
37215,46.500_-72.500
37220,46.500_-72.500
37225,46.500_-72.500
37230,46.500_-72.500
37235,46.500_-72.500
37240,46.500_-72.500
37245,46.500_-72.500
37250,46.500_-72.500
37990,46.500_-72.500
38005,46.000_-72.000
38010,46.500_-72.500
38015,46.500_-72.000
38020,46.500_-72.000
38028,46.500_-72.000
38035,46.500_-72.000
38040,46.500_-72.000
38047,46.500_-72.000
38055,46.500_-72.000
38060,46.500_-72.000
38065,46.500_-72.000
38070,46.500_-72.000
38802,46.500_-72.500
39005,46.000_-71.500
39010,46.000_-71.500
39015,46.000_-71.500
39020,46.000_-72.000
39025,46.000_-72.000
39030,46.000_-72.000
39035,46.000_-71.500
39043,46.000_-72.000
39060,46.000_-72.000
39062,46.000_-72.000
39077,46.000_-72.000
39085,46.000_-72.000
39090,46.000_-72.000
39097,46.000_-72.000
39105,46.000_-72.000
39117,46.000_-72.000
39130,46.000_-72.000
39135,46.000_-72.000
39145,46.000_-72.000
39152,46.000_-72.000
39165,46.000_-72.000
39170,46.500_-72.000
40005,46.000_-71.500
40010,46.000_-71.500
40017,46.000_-72.000
40025,45.500_-71.500
40032,45.500_-72.000
40043,46.000_-72.000
40047,46.000_-72.000
41012,45.500_-71.500
41020,45.500_-71.000
41027,45.500_-71.000
41037,45.500_-71.500
41038,45.500_-71.500
41055,45.500_-72.000
41060,45.500_-71.500
41065,45.500_-71.500
41070,45.500_-71.500
41075,45.500_-71.000
41080,45.500_-71.500
41085,45.500_-71.500
41098,45.500_-71.500
41117,45.500_-71.500
42005,45.500_-72.000
42020,45.500_-72.000
42025,45.500_-72.000
42032,45.500_-72.000
42040,45.500_-72.500
42045,45.500_-72.500
42050,45.500_-72.500
42055,45.500_-72.500
42060,45.500_-72.500
42065,45.500_-72.500
42070,45.500_-72.000
42075,45.500_-72.000
42078,45.500_-72.000
42088,45.500_-72.000
42095,45.500_-72.000
42098,45.500_-72.000
42100,45.500_-72.000
42110,45.500_-72.000
42990,45.500_-72.000
43027,45.500_-72.000
44003,45.000_-71.500
44005,45.000_-71.500
44010,45.000_-71.500
44015,45.000_-71.500
44023,45.000_-72.000
44037,45.000_-72.000
44045,45.000_-72.000
44050,45.000_-72.000
44055,45.000_-71.500
44060,45.500_-71.500
44071,45.000_-72.000
44080,45.500_-72.000
45008,45.000_-72.000
45020,45.000_-72.000
45025,45.000_-72.000
45030,45.000_-72.500
45035,45.000_-72.000
45043,45.000_-72.000
45050,45.500_-72.000
45055,45.500_-72.000
45060,45.000_-72.000
45072,45.000_-72.000
45080,45.000_-72.500
45085,45.000_-72.500
45093,45.500_-72.500
45095,45.000_-72.500
45100,45.500_-72.500
45105,45.500_-72.500
45115,45.500_-72.000
46005,45.000_-72.500
46010,45.000_-73.000
46017,45.000_-73.000
46025,45.000_-73.000
46030,45.000_-73.000
46035,45.000_-73.000
46040,45.000_-73.000
46045,45.000_-73.000
46050,45.000_-73.000
46058,45.000_-72.500
46065,45.000_-72.500
46070,45.000_-72.500
46075,45.000_-72.500
46078,45.500_-72.500
46080,45.000_-73.000
46085,45.000_-73.000
46090,45.500_-73.000
46095,45.000_-73.000
46100,45.000_-73.000
46105,45.000_-73.000
46112,45.500_-73.000
46990,45.000_-73.000
47010,45.500_-73.000
47017,45.500_-72.500
47025,45.500_-72.500
47030,45.500_-72.500
47035,45.500_-72.500
47040,45.500_-72.500
47047,45.500_-72.500
47055,45.500_-73.000
48005,45.500_-72.500
48010,45.500_-72.500
48015,45.500_-72.500
48020,45.500_-72.500
48028,45.500_-72.500
48038,45.500_-72.500
48045,45.500_-72.500
48050,45.500_-72.500
49005,46.000_-72.000
49015,45.500_-72.500
49020,45.500_-72.500
49025,46.000_-72.500
49030,46.000_-72.500
49040,46.000_-72.500
49048,46.000_-72.500
49058,46.000_-72.500
49070,46.000_-72.500
49075,46.000_-72.500
49080,46.000_-72.500
49085,46.000_-72.500
49095,46.000_-72.500
49100,46.000_-72.500
49105,46.000_-72.500
49113,46.000_-73.000
49125,46.000_-72.500
49130,46.000_-72.500
49990,46.000_-72.000
50005,46.000_-72.000
50013,46.000_-72.000
50023,46.000_-72.500
50030,46.000_-72.500
50035,46.000_-72.500
50042,46.000_-72.500
50050,46.000_-72.500
50057,46.000_-72.500
50065,46.000_-72.500
50072,46.000_-72.500
50085,46.000_-72.500
50090,46.000_-72.500
50095,46.000_-72.500
50100,46.000_-72.500
50113,46.000_-73.000
50128,46.000_-73.000
50802,46.000_-73.000
51008,46.000_-73.000
51015,46.500_-73.000
51020,46.500_-73.000
51025,46.500_-73.000
51030,46.500_-73.000
51035,46.500_-73.000
51040,46.500_-73.000
51045,46.500_-73.000
51050,46.500_-73.000
51055,46.500_-73.000
51060,46.500_-73.000
51065,46.500_-73.000
51070,46.500_-73.000
51075,46.500_-73.000
51080,46.500_-73.000
51085,46.500_-73.000
51090,46.500_-73.000
51990,46.000_-73.000
52007,46.000_-73.500
52017,46.000_-73.500
52030,46.000_-73.500
52035,46.000_-73.000
52040,46.000_-73.000
52045,46.000_-73.000
52050,46.000_-73.000
52055,46.000_-73.000
52062,46.000_-73.000
52070,46.000_-73.500
52075,46.000_-73.500
52080,46.500_-73.500
52085,46.500_-73.500
52090,46.500_-73.000
52095,46.500_-73.500
52990,46.000_-73.000
53005,46.000_-73.000
53010,46.000_-73.000
53015,46.000_-73.000
53020,46.000_-73.000
53025,46.000_-73.000
53032,46.000_-73.000
53040,46.000_-73.000
53050,46.000_-73.000
53052,46.000_-73.000
53065,46.000_-73.000
53072,46.000_-73.000
53085,46.000_-73.000
53990,46.000_-73.000
54008,45.500_-73.000
54017,45.500_-73.000
54025,45.500_-73.000
54030,45.500_-73.000
54035,45.500_-73.000
54048,45.500_-73.000
54060,45.500_-73.000
54065,45.500_-72.500
54072,45.500_-73.000
54090,45.500_-73.000
54095,45.500_-72.500
54100,46.000_-73.000
54105,45.500_-73.000
54110,46.000_-73.000
54115,46.000_-73.000
54120,46.000_-73.000
54125,46.000_-73.000
55008,45.500_-73.000
55015,45.500_-73.000
55023,45.500_-73.000
55030,45.500_-73.000
55037,45.500_-73.000
55048,45.500_-73.000
55057,45.500_-73.000
55065,45.500_-73.000
56005,45.000_-73.000
56010,45.000_-73.000
56015,45.000_-73.500
56023,45.000_-73.500
56030,45.000_-73.500
56035,45.000_-73.500
56042,45.000_-73.000
56050,45.000_-73.000
56055,45.000_-73.000
56060,45.000_-73.000
56065,45.000_-73.500
56083,45.500_-73.500
56097,45.500_-73.000
56105,45.500_-73.000
57005,45.500_-73.500
57010,45.500_-73.500
57020,45.500_-73.500
57025,45.500_-73.000
57030,45.500_-73.000
57033,45.500_-73.000
57035,45.500_-73.000
57040,45.500_-73.000
57045,45.500_-73.500
57050,45.500_-73.000
57057,45.500_-73.000
57068,46.000_-73.000
57075,46.000_-73.000
58007,45.500_-73.500
58012,45.500_-73.500
58033,45.500_-73.500
58037,45.500_-73.500
58227,45.500_-73.500
59010,45.500_-73.500
59015,45.500_-73.500
59020,45.500_-73.500
59025,46.000_-73.500
59030,46.000_-73.500
59035,46.000_-73.000
60005,45.500_-73.500
60013,46.000_-73.500
60020,46.000_-73.500
60028,46.000_-73.500
60037,46.000_-73.500
61005,46.000_-73.500
61013,46.000_-73.500
61020,46.000_-73.500
61025,46.000_-73.500
61027,46.000_-73.500
61030,46.000_-73.500
61035,46.000_-73.500
61040,46.000_-73.500
61045,46.000_-73.500
61050,46.000_-73.500
62007,46.000_-73.500
62015,46.000_-73.500
62020,46.000_-73.500
62025,46.000_-73.500
62030,46.000_-73.500
62037,46.000_-73.500
62047,46.000_-74.000
62053,46.000_-74.000
62055,46.000_-74.000
62060,46.500_-74.000
62065,46.500_-74.000
62070,46.500_-73.500
62075,46.500_-73.500
62080,46.500_-73.500
62085,46.500_-74.000
62802,47.000_-74.500
62902,47.000_-73.500
62904,47.000_-74.000
62906,47.000_-74.000
62908,47.000_-74.500
62910,46.500_-74.500
62912,46.500_-74.000
62914,46.500_-74.500
62916,46.500_-74.500
62918,47.000_-74.500
62919,47.000_-74.500
62920,47.000_-74.500
62922,47.000_-74.500
63005,46.000_-73.500
63013,46.000_-73.500
63023,46.000_-73.500
63030,46.000_-73.500
63035,46.000_-73.500
63040,46.000_-73.500
63048,46.000_-74.000
63055,46.000_-74.000
63060,46.000_-73.500
63065,46.000_-73.500
64008,45.500_-73.500
64015,46.000_-73.500
65005,45.500_-73.500
66007,45.500_-73.500
66023,45.500_-73.500
66032,45.500_-73.500
66047,45.500_-73.500
66058,45.500_-73.500
66062,45.500_-73.500
66072,45.500_-73.500
66087,45.500_-74.000
66092,45.500_-73.500
66097,45.500_-74.000
66102,45.500_-74.000
66107,45.500_-74.000
66112,45.500_-74.000
66117,45.500_-74.000
66127,45.500_-74.000
66142,45.500_-74.000
66940,45.500_-73.500
66990,45.500_-73.500
67005,45.500_-73.500
67010,45.500_-73.500
67015,45.500_-73.500
67020,45.500_-73.500
67025,45.500_-73.500
67030,45.500_-73.500
67035,45.500_-73.500
67040,45.500_-73.500
67045,45.500_-73.500
67050,45.500_-74.000
67055,45.500_-74.000
67802,45.500_-73.500
67940,45.500_-73.500
67990,45.500_-74.000
68005,45.000_-73.500
68010,45.000_-73.500
68015,45.000_-73.500
68020,45.000_-73.500
68025,45.000_-73.500
68030,45.000_-73.500
68035,45.000_-73.500
68040,45.500_-73.500
68045,45.000_-73.500
68050,45.000_-73.500
68055,45.500_-73.500
69005,45.000_-74.000
69010,45.000_-74.000
69017,45.000_-74.000
69025,45.000_-74.000
69030,45.000_-74.000
69037,45.000_-74.000
69045,45.000_-74.000
69050,45.000_-74.000
69055,45.000_-74.000
69060,45.000_-74.000
69065,45.000_-74.000
69070,45.000_-74.500
69075,45.000_-74.500
69802,45.000_-74.500
69990,45.000_-74.500
70005,45.000_-73.500
70012,45.000_-74.000
70022,45.500_-74.000
70030,45.000_-74.000
70035,45.000_-74.000
70040,45.000_-74.000
70052,45.500_-74.000
70990,45.500_-74.000
71005,45.000_-74.500
71015,45.500_-74.500
71020,45.500_-74.500
71025,45.000_-74.500
71033,45.500_-74.000
71040,45.500_-74.000
71045,45.500_-74.000
71050,45.500_-74.000
71055,45.500_-74.000
71060,45.500_-74.000
71065,45.500_-74.000
71070,45.500_-74.000
71075,45.500_-74.000
71083,45.500_-74.000
71090,45.500_-74.000
71095,45.500_-74.000
71100,45.500_-74.000
71105,45.500_-74.000
71110,45.500_-74.500
71115,45.500_-74.500
71125,45.500_-74.500
71133,45.500_-74.500
71140,45.500_-74.500
71990,45.500_-74.000
72005,45.500_-74.000
72010,45.500_-74.000
72015,45.500_-74.000
72020,45.500_-74.000
72025,45.500_-74.000
72032,45.500_-74.000
72043,45.500_-74.000
72802,45.500_-74.000
73005,45.500_-74.000
73010,45.500_-74.000
73015,45.500_-74.000
73020,45.500_-74.000
73025,45.500_-74.000
73030,45.500_-74.000
73035,46.000_-74.000
74005,45.500_-74.000
75005,45.500_-74.000
75017,46.000_-74.000
75028,46.000_-74.000
75040,46.000_-74.000
75045,46.000_-74.000
76008,45.500_-74.500
76020,45.500_-74.500
76025,46.000_-74.500
76030,46.000_-74.000
76035,46.000_-74.500
76043,45.500_-74.500
76052,45.500_-74.500
76055,45.500_-74.500
76065,46.000_-74.500
76990,45.500_-74.500
77011,46.000_-74.000
77012,46.000_-74.000
77022,46.000_-74.000
77030,46.000_-74.000
77035,46.000_-74.000
77043,46.000_-74.000
77050,46.000_-74.500
77055,46.000_-74.500
77060,46.000_-74.500
77065,46.000_-74.500
78005,46.000_-74.000
78010,46.000_-74.000
78015,46.000_-74.500
78020,46.000_-74.000
78032,46.000_-74.500
78042,46.000_-74.500
78047,46.000_-74.500
78050,46.000_-74.500
78055,46.000_-74.500
78060,46.000_-74.500
78065,46.000_-74.500
78070,46.000_-75.000
78075,46.000_-74.500
78095,46.500_-74.500
78100,46.000_-74.500
78102,46.000_-74.500
78115,46.000_-74.500
78120,46.500_-75.000
78127,46.500_-74.500
78130,46.000_-75.000
78802,46.000_-74.000
79005,46.000_-75.500
79010,46.500_-75.500
79015,46.500_-75.500
79022,46.500_-75.500
79025,46.500_-75.500
79030,46.500_-75.000
79037,46.500_-75.000
79047,46.500_-74.500
79050,46.500_-75.000
79060,46.500_-75.000
79065,46.500_-75.000
79078,46.500_-75.500
79088,46.500_-75.500
79097,47.000_-75.500
79105,47.000_-75.000
79110,47.000_-75.500
79115,47.000_-75.500
79902,47.000_-74.500
79904,47.000_-74.500
79906,48.000_-74.000
79910,47.000_-75.000
79912,47.000_-75.000
79914,47.000_-75.000
79916,47.000_-74.500
79920,46.500_-74.500
79922,47.000_-75.500
79924,46.500_-75.000
79926,47.000_-75.500
79992,46.000_-76.000
80005,45.500_-75.000
80010,45.500_-75.000
80015,46.000_-75.000
80020,46.000_-75.000
80027,45.500_-75.000
80037,45.500_-75.000
80045,45.500_-75.000
80050,45.500_-75.000
80055,45.500_-75.000
80060,45.500_-75.500
80065,45.500_-75.500
80070,45.500_-75.000
80078,46.000_-75.000
80085,46.000_-75.500
80087,46.000_-75.500
80090,46.000_-75.500
80095,46.000_-75.000
80103,46.000_-75.000
80110,46.000_-75.000
80115,46.000_-75.000
80125,46.000_-75.000
80130,46.000_-75.000
80135,46.000_-75.000
80140,46.000_-75.500
80145,46.000_-75.500
80990,45.500_-75.000
81017,45.500_-75.500
82005,45.500_-75.500
82015,45.500_-75.500
82020,45.500_-76.000
82025,45.500_-76.000
82030,45.500_-76.000
82035,45.500_-76.000
83005,46.000_-76.000
83010,46.000_-76.000
83015,46.000_-76.000
83020,46.000_-76.000
83032,46.000_-76.000
83040,46.000_-76.000
83045,46.000_-76.000
83050,46.000_-76.000
83055,46.500_-76.000
83060,46.500_-76.000
83065,46.500_-76.000
83070,46.500_-76.000
83075,46.500_-76.000
83085,46.500_-76.000
83088,46.500_-76.000
83090,46.500_-76.000
83095,46.500_-76.000
83802,46.500_-76.000
83804,47.000_-76.500
83902,47.000_-76.500
83904,47.000_-76.500
83906,47.000_-75.500
83908,47.000_-75.500
83912,47.000_-75.500
83990,46.000_-76.000
84005,45.500_-76.500
84010,45.500_-76.500
84015,45.500_-76.500
84020,45.500_-76.500
84025,45.500_-76.500
84030,45.500_-76.500
84035,45.500_-76.500
84040,46.000_-76.500
84045,46.000_-76.500
84050,46.000_-76.000
84055,46.000_-76.500
84060,46.000_-76.500
84065,46.000_-76.500
84070,46.000_-77.000
84082,46.000_-77.000
84090,46.000_-77.000
84095,46.000_-77.500
84100,46.500_-77.500
84902,46.500_-77.000
84990,46.000_-77.000
85005,46.500_-79.000
85010,47.000_-79.000
85015,47.000_-79.500
85020,47.000_-79.000
85025,47.500_-79.500
85030,47.500_-79.500
85037,47.500_-79.500
85045,47.500_-79.500
85052,47.500_-79.000
85055,47.500_-79.000
85060,47.500_-79.000
85065,47.500_-78.500
85070,47.500_-78.500
85075,47.500_-79.000
85085,47.500_-79.500
85090,47.500_-79.500
85095,47.500_-79.500
85100,48.000_-79.500
85105,48.000_-79.000
85802,47.000_-79.000
85803,47.000_-79.000
85804,47.500_-78.500
85806,47.500_-79.500
85905,47.000_-79.000
85907,47.000_-78.500
86042,48.000_-79.000
87005,48.500_-79.000
87010,48.500_-79.500
87015,48.500_-79.500
87020,48.500_-79.500
87025,48.500_-79.000
87030,48.500_-79.000
87035,48.500_-79.000
87042,48.500_-79.000
87050,48.500_-79.000
87058,49.000_-79.000
87070,48.500_-79.500
87075,48.500_-79.500
87080,49.000_-79.500
87085,49.000_-79.500
87090,49.000_-79.000
87095,49.000_-79.000
87100,49.000_-79.000
87105,49.000_-79.000
87110,49.000_-79.000
87115,49.000_-79.500
87120,49.000_-79.500
87902,48.500_-79.500
87904,49.000_-79.000
87990,48.500_-79.000
88005,48.500_-77.500
88012,48.500_-77.500
88022,48.500_-77.500
88030,48.500_-78.000
88035,48.500_-78.000
88040,48.500_-78.000
88045,48.500_-78.000
88050,48.500_-78.000
88057,48.500_-78.000
88065,49.000_-78.000
88070,49.000_-78.500
88075,48.500_-78.500
88080,48.500_-78.500
88085,48.500_-78.500
88090,48.500_-78.500
88802,48.500_-78.000
88902,49.000_-77.500
88904,49.000_-78.500
89008,48.000_-77.500
89010,48.000_-78.000
89015,48.000_-78.000
89040,48.500_-76.500
89045,48.500_-77.500
89050,48.500_-77.500
89802,47.500_-77.500
89804,48.000_-77.500
89902,48.000_-77.500
89908,48.000_-77.500
89910,47.500_-77.500
89912,48.000_-77.500
90012,48.000_-74.000
90017,47.500_-72.500
90027,47.500_-72.500
90801,47.500_-72.500
90802,48.000_-74.000
90804,48.500_-75.000
91005,48.000_-72.000
91010,48.500_-72.000
91015,48.500_-72.000
91020,48.500_-72.000
91025,48.500_-72.000
91030,48.500_-72.500
91035,48.500_-72.500
91042,48.500_-72.500
91050,48.500_-72.500
91802,48.500_-72.500
91902,49.000_-73.500
91990,48.500_-72.000
92005,49.000_-72.000
92010,49.000_-72.000
92015,49.000_-72.000
92022,49.000_-72.000
92030,49.000_-72.500
92040,49.000_-72.500
92045,49.000_-72.500
92050,49.000_-72.500
92055,49.000_-72.500
92060,49.000_-72.500
92065,49.000_-72.500
92070,49.000_-72.000
92902,50.000_-71.500
92903,49.000_-72.000
92904,50.000_-73.000
93005,48.500_-72.000
93012,48.500_-72.000
93022,48.500_-71.500
93035,48.500_-72.000
93042,48.500_-71.500
93045,48.500_-71.500
93055,48.500_-71.500
93060,49.000_-71.500
93065,48.500_-71.500
93070,48.500_-72.000
93075,48.500_-72.000
93080,49.000_-72.000
93902,48.000_-71.500
93904,48.000_-72.000
93906,48.000_-71.500
93908,48.000_-72.000
93990,48.500_-72.000
94068,48.500_-71.000
94205,48.000_-70.000
94210,48.000_-70.500
94215,48.000_-70.500
94220,48.000_-71.000
94225,48.500_-70.500
94230,48.500_-70.500
94235,48.500_-71.000
94240,48.500_-71.000
94245,48.500_-71.000
94250,48.500_-71.500
94255,48.500_-71.500
94260,48.500_-71.500
94265,48.500_-71.500
94926,48.000_-70.500
94928,48.000_-71.500
94930,50.500_-70.500
94990,48.000_-70.000
95005,48.000_-69.500
95010,48.000_-70.000
95018,48.500_-69.500
95025,48.500_-69.500
95032,48.500_-69.500
95040,48.500_-69.000
95045,49.000_-69.000
95050,49.000_-69.000
95802,48.500_-69.500
95902,49.000_-69.500
95990,48.500_-69.000
96005,49.500_-67.500
96010,49.500_-67.500
96015,49.500_-68.000
96020,49.500_-68.000
96025,49.000_-68.000
96030,49.000_-68.500
96035,49.000_-68.500
96040,49.000_-68.500
96802,49.000_-68.500
96902,50.500_-69.000
96990,49.000_-68.000
97007,50.500_-66.000
97022,50.000_-67.000
97035,53.000_-67.000
97040,55.000_-67.000
97802,50.000_-66.500
97804,50.000_-66.000
97806,55.000_-67.000
97808,55.000_-67.000
97810,55.000_-67.000
97902,51.000_-67.000
97904,51.000_-67.000
97906,52.000_-68.500
97908,53.000_-67.000
97912,55.000_-67.000
97914,55.000_-67.000
97990,50.000_-66.500
98005,51.500_-57.000
98010,51.500_-58.000
98012,51.000_-58.500
98014,51.000_-59.000
98015,50.500_-60.000
98020,49.500_-63.000
98025,50.500_-62.000
98030,50.500_-62.500
98035,50.500_-62.500
98040,50.500_-63.500
98045,50.500_-64.000
98050,50.500_-64.500
98055,50.500_-65.000
98802,51.000_-58.500
98804,50.500_-60.000
98806,50.000_-62.000
98808,50.500_-64.000
98904,50.500_-63.500
98912,51.000_-59.000
98990,49.500_-63.000
98992,50.500_-60.000
99005,49.000_-77.000
99010,49.500_-76.000
99015,49.500_-77.500
99020,50.000_-75.000
99025,50.000_-74.000
99030,50.500_-74.000
99035,51.500_-79.000
99040,51.500_-76.500
99045,52.000_-78.000
99050,53.000_-78.500
99055,53.500_-78.500
99060,52.500_-75.000
99065,55.000_-67.000
99070,55.000_-77.500
99075,55.500_-77.500
99080,56.500_-76.500
99085,58.500_-78.000
99090,58.500_-66.000
99095,58.000_-68.500
99100,58.500_-70.000
99105,59.500_-69.500
99110,60.000_-70.000
99115,61.000_-69.500
99120,60.000_-77.500
99125,61.000_-78.000
99130,61.500_-72.000
99135,62.000_-75.500
99140,62.500_-78.000
99802,50.000_-76.000
99804,50.500_-73.500
99806,51.500_-78.500
99808,51.500_-76.500
99810,52.000_-78.500
99812,53.000_-78.500
99814,53.500_-79.000
99816,55.000_-77.500
99818,50.000_-75.000
99820,50.000_-75.000
99875,53.500_-78.500
99877,56.000_-76.500
99878,56.500_-76.500
99879,58.500_-78.000
99883,61.000_-78.000
99885,62.500_-77.500
99887,62.000_-75.500
99888,61.500_-72.000
99889,61.000_-69.500
99890,60.000_-70.000
99891,59.500_-70.000
99892,58.500_-70.000
99893,58.500_-68.500
99894,58.500_-66.000
99896,58.500_-66.000
99902,58.000_-68.500
99904,58.500_-76.000
99908,50.000_-75.000
99910,50.000_-76.000
99914,50.500_-73.500
99916,51.500_-78.500
99918,51.500_-76.500
99920,52.000_-78.000
99922,53.000_-78.500
99924,55.000_-77.500
