point_id,lat,lon,n_municipalites
45.000_-71.500,45.0,-71.5,5
45.000_-72.000,45.0,-72.0,12
45.000_-72.500,45.0,-72.5,9
45.000_-73.000,45.0,-73.0,19
45.000_-73.500,45.0,-73.5,15
45.000_-74.000,45.0,-74.0,15
45.000_-74.500,45.0,-74.5,5
45.500_-70.500,45.5,-70.5,3
45.500_-71.000,45.5,-71.0,15
45.500_-71.500,45.5,-71.5,12
45.500_-72.000,45.5,-72.0,19
45.500_-72.500,45.5,-72.5,28
45.500_-73.000,45.5,-73.0,31
45.500_-73.500,45.5,-73.5,36
45.500_-74.000,45.5,-74.0,41
45.500_-74.500,45.5,-74.5,12
45.500_-75.000,45.5,-75.0,8
45.500_-75.500,45.5,-75.5,5
45.500_-76.000,45.5,-76.0,4
45.500_-76.500,45.5,-76.5,7
46.000_-70.500,46.0,-70.5,12
46.000_-71.000,46.0,-71.0,19
46.000_-71.500,46.0,-71.5,22
46.000_-72.000,46.0,-72.0,26
46.000_-72.500,46.0,-72.5,26
46.000_-73.000,46.0,-73.0,31
46.000_-73.500,46.0,-73.5,36
46.000_-74.000,46.0,-74.0,20
46.000_-74.500,46.0,-74.5,19
46.000_-75.000,46.0,-75.0,12
46.000_-75.500,46.0,-75.5,6
46.000_-76.000,46.0,-76.0,9
46.000_-76.500,46.0,-76.5,5
46.000_-77.000,46.0,-77.0,3
46.000_-77.500,46.0,-77.5,1
46.500_-70.000,46.5,-70.0,5
46.500_-70.500,46.5,-70.5,18
46.500_-71.000,46.5,-71.0,24
46.500_-71.500,46.5,-71.5,20
46.500_-72.000,46.5,-72.0,24
46.500_-72.500,46.5,-72.5,17
46.500_-73.000,46.5,-73.0,18
46.500_-73.500,46.5,-73.5,6
46.500_-74.000,46.5,-74.0,4
46.500_-74.500,46.5,-74.5,3
46.500_-75.000,46.5,-75.0,6
46.500_-75.500,46.5,-75.5,6
46.500_-76.000,46.5,-76.0,10
46.500_-77.000,46.5,-77.0,1
46.500_-77.500,46.5,-77.5,1
46.500_-79.000,46.5,-79.0,1
47.000_-69.500,47.0,-69.5,1
47.000_-70.000,47.0,-70.0,11
47.000_-70.500,47.0,-70.5,11
47.000_-71.000,47.0,-71.0,21
47.000_-71.500,47.0,-71.5,13
47.000_-72.000,47.0,-72.0,8
47.000_-72.500,47.0,-72.5,4
47.000_-73.000,47.0,-73.0,2
47.000_-73.500,47.0,-73.5,2
47.000_-74.000,47.0,-74.0,2
47.000_-74.500,47.0,-74.5,2
47.000_-75.000,47.0,-75.0,1
47.000_-75.500,47.0,-75.5,4
47.000_-76.500,47.0,-76.5,1
47.000_-78.500,47.0,-78.5,1
47.000_-79.000,47.0,-79.0,5
47.000_-79.500,47.0,-79.5,1
47.500_-61.500,47.5,-61.5,1
47.500_-68.500,47.5,-68.5,4
47.500_-69.000,47.5,-69.0,8
47.500_-69.500,47.5,-69.5,9
47.500_-70.000,47.5,-70.0,14
47.500_-70.500,47.5,-70.5,8
47.500_-72.500,47.5,-72.5,2
47.500_-77.500,47.5,-77.5,1
47.500_-78.500,47.5,-78.5,3
47.500_-79.000,47.5,-79.0,4
47.500_-79.500,47.5,-79.5,8
48.000_-62.000,48.0,-62.0,1
48.000_-65.000,48.0,-65.0,5
48.000_-65.500,48.0,-65.5,7
48.000_-66.000,48.0,-66.0,4
48.000_-66.500,48.0,-66.5,3
48.000_-67.000,48.0,-67.0,7
48.000_-67.500,48.0,-67.5,1
48.000_-68.000,48.0,-68.0,2
48.000_-68.500,48.0,-68.5,8
48.000_-69.000,48.0,-69.0,15
48.000_-69.500,48.0,-69.5,11
48.000_-70.000,48.0,-70.0,5
48.000_-70.500,48.0,-70.5,3
48.000_-71.000,48.0,-71.0,2
48.000_-71.500,48.0,-71.5,1
48.000_-72.000,48.0,-72.0,2
48.000_-74.000,48.0,-74.0,2
48.000_-77.500,48.0,-77.5,2
48.000_-78.000,48.0,-78.0,2
48.000_-79.000,48.0,-79.0,2
48.000_-79.500,48.0,-79.5,1
48.500_-64.500,48.5,-64.5,3
48.500_-65.000,48.5,-65.0,1
48.500_-65.500,48.5,-65.5,1
48.500_-66.000,48.5,-66.0,1
48.500_-66.500,48.5,-66.5,3
48.500_-67.000,48.5,-67.0,3
48.500_-67.500,48.5,-67.5,16
48.500_-68.000,48.5,-68.0,19
48.500_-68.500,48.5,-68.5,5
48.500_-69.000,48.5,-69.0,2
48.500_-69.500,48.5,-69.5,4
48.500_-70.500,48.5,-70.5,2
48.500_-71.000,48.5,-71.0,4
48.500_-71.500,48.5,-71.5,9
48.500_-72.000,48.5,-72.0,9
48.500_-72.500,48.5,-72.5,5
48.500_-75.000,48.5,-75.0,1
48.500_-76.500,48.5,-76.5,1
48.500_-77.500,48.5,-77.5,4
48.500_-78.000,48.5,-78.0,7
48.500_-78.500,48.5,-78.5,4
48.500_-79.000,48.5,-79.0,6
48.500_-79.500,48.5,-79.5,5
49.000_-64.500,49.0,-64.5,1
49.000_-65.000,49.0,-65.0,3
49.000_-65.500,49.0,-65.5,3
49.000_-66.000,49.0,-66.0,5
49.000_-66.500,49.0,-66.5,2
49.000_-67.000,49.0,-67.0,3
49.000_-67.500,49.0,-67.5,4
49.000_-68.000,49.0,-68.0,1
49.000_-68.500,49.0,-68.5,4
49.000_-69.000,49.0,-69.0,2
49.000_-69.500,49.0,-69.5,1
49.000_-71.500,49.0,-71.5,1
49.000_-72.000,49.0,-72.0,6
49.000_-72.500,49.0,-72.5,7
49.000_-73.500,49.0,-73.5,1
49.000_-77.000,49.0,-77.0,1
49.000_-77.500,49.0,-77.5,1
49.000_-78.000,49.0,-78.0,1
49.000_-78.500,49.0,-78.5,2
49.000_-79.000,49.0,-79.0,7
49.000_-79.500,49.0,-79.5,4
49.500_-63.000,49.5,-63.0,1
49.500_-67.500,49.5,-67.5,2
49.500_-68.000,49.5,-68.0,2
49.500_-76.000,49.5,-76.0,1
49.500_-77.500,49.5,-77.5,1
50.000_-62.000,50.0,-62.0,1
50.000_-66.000,50.0,-66.0,1
50.000_-66.500,50.0,-66.5,1
50.000_-67.000,50.0,-67.0,1
50.000_-71.500,50.0,-71.5,1
50.000_-73.000,50.0,-73.0,1
50.000_-74.000,50.0,-74.0,1
50.000_-75.000,50.0,-75.0,2
50.000_-76.000,50.0,-76.0,1
50.500_-60.000,50.5,-60.0,1
50.500_-62.000,50.5,-62.0,1
50.500_-62.500,50.5,-62.5,2
50.500_-63.500,50.5,-63.5,1
50.500_-64.000,50.5,-64.0,2
50.500_-64.500,50.5,-64.5,1
50.500_-65.000,50.5,-65.0,1
50.500_-66.000,50.5,-66.0,1
50.500_-69.000,50.5,-69.0,1
50.500_-70.500,50.5,-70.5,1
50.500_-73.500,50.5,-73.5,1
50.500_-74.000,50.5,-74.0,1
51.000_-58.500,51.0,-58.5,1
51.000_-59.000,51.0,-59.0,1
51.000_-67.000,51.0,-67.0,1
51.500_-57.000,51.5,-57.0,1
51.500_-58.000,51.5,-58.0,1
51.500_-76.500,51.5,-76.5,1
51.500_-78.500,51.5,-78.5,1
51.500_-79.000,51.5,-79.0,1
52.000_-68.500,52.0,-68.5,1
52.000_-78.000,52.0,-78.0,1
52.000_-78.500,52.0,-78.5,1
52.500_-75.000,52.5,-75.0,1
53.000_-67.000,53.0,-67.0,1
53.000_-78.500,53.0,-78.5,1
53.500_-78.500,53.5,-78.5,1
53.500_-79.000,53.5,-79.0,1
55.000_-67.000,55.0,-67.0,5
55.000_-77.500,55.0,-77.5,1
55.500_-77.500,55.5,-77.5,1
56.000_-76.500,56.0,-76.5,1
56.500_-76.500,56.5,-76.5,2
58.000_-68.500,58.0,-68.5,1
58.500_-66.000,58.5,-66.0,2
58.500_-68.500,58.5,-68.5,1
58.500_-70.000,58.5,-70.0,2
58.500_-76.000,58.5,-76.0,1
58.500_-78.000,58.5,-78.0,2
59.500_-69.500,59.5,-69.5,1
59.500_-70.000,59.5,-70.0,1
60.000_-70.000,60.0,-70.0,2
60.000_-77.500,60.0,-77.5,1
61.000_-69.500,61.0,-69.5,2
61.000_-78.000,61.0,-78.0,2
61.500_-72.000,61.5,-72.0,2
62.000_-75.500,62.0,-75.5,2
62.500_-77.500,62.5,-77.5,1
62.500_-78.000,62.5,-78.0,1
